{"variables":["x","y","z","v"],"parameters":["deg_x","deg_y"],"thresholds":[[0.0,2.201467645096731,3.222148098732488,6.374249499666444,8.755837224816544,15.0],[0.0,2.201467645096731,3.222148098732488,6.374249499666444,8.755837224816544,15.0],[0.0,2.201467645096731,3.222148098732488,6.374249499666444,8.755837224816544,15.0],[0.0,2.201467645096731,3.222148098732488,6.374249499666444,8.755837224816544,15.0]],"states":[{"id":0,"bounds":[[0.0,2.201467645096731],[0.0,2.201467645096731],[0.0,2.201467645096731],[0.0,2.201467645096731]]}],"type":"rectangular","parameter_values":[[[[0.05330094577355095,0.07801320245037911],[0.10372187513720843,0.11328663702271785]],[[0.10372187513720843,0.11328663702271785],[0.0,0.07801320245037911]],[[0.05330094577355095,0.10372187513720843],[0.0,0.05330094577355095]],[[0.0038158028713980805,0.05330094577355095],[0.05330094577355095,0.11328663702271785]],[[0.0,0.0038158028713980805],[0.05330094577355095,0.11328663702271785]]],[[[0.0038158028713980805,0.007474392986005246],[0.11328663702271785,1.0]],[[0.10659492836031273,0.11328663702271785],[0.14247510321045115,1.0]],[[0.0,0.0038158028713980805],[0.11328663702271785,1.0]],[[0.10372187513720843,0.10659492836031273],[0.11328663702271785,1.0]],[[0.11328663702271785,0.14247510321045115],[0.14247510321045115,1.0]],[[0.013544570515335998,0.05330094577355095],[0.11328663702271785,1.0]],[[0.14247510321045115,1.0],[0.0,1.0]],[[0.11328663702271785,0.14247510321045115],[0.0,0.10659492836031273]],[[0.007474392986005246,0.013544570515335998],[0.11328663702271785,1.0]],[[0.07801320245037911,0.10372187513720843],[0.11328663702271785,1.0]],[[0.05330094577355095,0.07801320245037911],[0.11328663702271785,1.0]]],[[[0.05330094577355095,0.10372187513720843],[0.05330094577355095,0.10372187513720843]],[[0.07801320245037911,0.10372187513720843],[0.10659492836031273,0.11328663702271785]],[[0.10372187513720843,0.11328663702271785],[0.07801320245037911,0.10659492836031273]],[[0.10372187513720843,0.11328663702271785],[0.10659492836031273,0.11328663702271785]],[[0.07801320245037911,0.10372187513720843],[0.05330094577355095,0.10659492836031273]]],[[[0.10659492836031273,0.11328663702271785],[0.11328663702271785,0.14247510321045115]],[[0.11328663702271785,0.14247510321045115],[0.10659492836031273,0.14247510321045115]],[[0.0,0.05330094577355095],[0.0,0.05330094577355095]]]],"parameter_bounds":[[0.0,1.0],[0.0,1.0]],"results":[{"formula":"3_terminal_components","data":[[0,0]]},{"formula":"1_terminal_components","data":[[0,1]]},{"formula":"4_terminal_components","data":[[0,2]]},{"formula":"2_terminal_components","data":[[0,3]]}]}