{"variables":["x","y","z","v"],"parameters":["deg_x","deg_y"],"thresholds":[[0.0,2.33155436957972,3.4322881921280852,5.8539026017344895,6.914609739826551,8.275517011340893,10.41694462975317,15.0],[0.0,2.33155436957972,3.4322881921280852,5.8539026017344895,6.914609739826551,8.275517011340893,10.41694462975317,15.0],[0.0,2.33155436957972,3.4322881921280852,5.8539026017344895,6.914609739826551,8.275517011340893,10.41694462975317,15.0],[0.0,2.33155436957972,3.4322881921280852,5.8539026017344895,6.914609739826551,8.275517011340893,10.41694462975317,15.0]],"states":[{"id":0,"bounds":[[0.0,2.33155436957972],[0.0,2.33155436957972],[0.0,2.33155436957972],[0.0,2.33155436957972]]}],"type":"rectangular","parameter_values":[[[[0.09210853208715067,0.10147318772184553],[0.12684259968561296,0.12684259968561298]],[[0.0,0.09210853208715067],[0.12684259968561298,0.14268685758089075]],[[0.0860784578176823,0.10584581514679933],[0.0011802963732854773,0.06513002336655196]],[[0.06513002336655196,0.091512701786557],[0.10584581514679933,0.12667798715832568]],[[0.10584581514679933,0.12667798715832568],[0.0011802963732854773,0.091512701786557]],[[0.12172890453470342,0.12172890453470345],[0.110303937249265,0.12172890453470345]],[[0.12684259968561298,0.14268685758089075],[0.0,0.09210853208715067]],[[0.12684259968561296,0.12684259968561298],[0.09210853208715067,0.10147318772184553]],[[0.05478722898856321,0.0860784578176823],[0.0011802963732854773,0.050658348823573916]],[[0.050658348823573916,0.05478722898856321],[0.0,0.050658348823573916]],[[0.110303937249265,0.12172890453470342],[0.12172890453470342,0.12172890453470345]],[[0.050658348823573916,0.06513002336655196],[0.0860784578176823,0.12667798715832568]],[[0.0,0.050658348823573916],[0.050658348823573916,0.12667798715832568]],[[0.05478722898856321,0.12667798715832568],[0.0,0.0011802963732854773]]],[[[0.04638282048959403,0.04753830365889769],[0.12667798715832568,0.12684259968561296]],[[0.050658348823573916,0.051337671552256596],[0.12667798715832568,0.12684259968561296]],[[0.11789538020656203,0.1192220297320381],[0.14268685758089075,1.0]],[[0.14268685758089075,0.1496316053442787],[0.0,0.13447366944140204]],[[0.09210853208715067,0.09869643565034002],[0.12667798715832568,0.12684259968561296]],[[0.03232937484041581,0.03314205558034507],[0.12667798715832568,0.12684259968561296]],[[0.1143548475894181,0.11692585681704963],[0.12667798715832568,0.12684259968561296]],[[0.120001994898424,0.12172890453470342],[0.14268685758089075,1.0]],[[0.11692585681704963,0.11789538020656203],[0.12667798715832568,0.12684259968561296]],[[0.03407716718790519,0.034771277504243955],[0.12667798715832568,0.12684259968561296]],[[0.09210853208715067,0.09869643565034002],[0.14268685758089075,1.0]],[[0.0011802963732854773,0.0031718289974970457],[0.12667798715832568,0.12684259968561296]],[[0.04638282048959403,0.04753830365889769],[0.14268685758089075,1.0]],[[0.07984620451007617,0.0860784578176823],[0.14268685758089075,1.0]],[[0.10147318772184553,0.10584581514679933],[0.14268685758089075,1.0]],[[0.029598148808030123,0.031058303873091327],[0.12667798715832568,0.12684259968561296]],[[0.11692585681704963,0.11789538020656203],[0.14268685758089075,1.0]],[[0.05478722898856321,0.06513002336655196],[0.12667798715832568,0.12684259968561296]],[[0.04938308888583751,0.04977108131820972],[0.12667798715832568,0.12684259968561296]],[[0.11789538020656203,0.1192220297320381],[0.12667798715832568,0.12684259968561296]],[[0.13447366944140204,0.14268685758089075],[0.1496316053442787,1.0]],[[0.03195292907442271,0.03232937484041581],[0.12667798715832568,0.12684259968561296]],[[0.0860784578176823,0.09084674251339937],[0.14268685758089075,1.0]],[[0.03232937484041581,0.03314205558034507],[0.14268685758089075,1.0]],[[0.12172890453470342,0.12172890453470345],[0.14268685758089075,1.0]],[[0.04977108131820972,0.050658348823573916],[0.14268685758089075,1.0]],[[0.110303937249265,0.11085956475213002],[0.14268685758089075,1.0]],[[0.06513002336655196,0.07266272496124625],[0.12667798715832568,0.12684259968561296]],[[0.03884545188362226,0.042895200777036645],[0.12667798715832568,0.12684259968561296]],[[0.0011802963732854773,0.0031718289974970457],[0.14268685758089075,1.0]],[[0.04753830365889769,0.048897358416990055],[0.12667798715832568,0.12684259968561296]],[[0.11341232765900248,0.1143548475894181],[0.12667798715832568,0.12684259968561296]],[[0.09869643565034002,0.10147318772184553],[0.12667798715832568,0.12684259968561296]],[[0.031058303873091327,0.03195292907442271],[0.14268685758089075,1.0]],[[0.10835268994946468,0.110303937249265],[0.12667798715832568,0.12684259968561296]],[[0.1496316053442787,0.1553515016391329],[0.0,1.0]],[[0.03407716718790519,0.034771277504243955],[0.14268685758089075,1.0]],[[0.051337671552256596,0.05478722898856321],[0.12667798715832568,0.12684259968561296]],[[0.029598148808030123,0.031058303873091327],[0.14268685758089075,1.0]],[[0.048897358416990055,0.04938308888583751],[0.14268685758089075,1.0]],[[0.0031718289974970457,0.029598148808030123],[0.12667798715832568,0.12684259968561296]],[[0.091512701786557,0.09210853208715067],[0.14268685758089075,1.0]],[[0.03195292907442271,0.03232937484041581],[0.14268685758089075,1.0]],[[0.04542526297075116,0.04638282048959403],[0.14268685758089075,1.0]],[[0.1553515016391329,0.16854122835623164],[0.16854122835623164,1.0]],[[0.09084674251339937,0.091512701786557],[0.12667798715832568,0.12684259968561296]],[[0.042895200777036645,0.04376892367825631],[0.14268685758089075,1.0]],[[0.031058303873091327,0.03195292907442271],[0.12667798715832568,0.12684259968561296]],[[0.034771277504243955,0.03884545188362226],[0.14268685758089075,1.0]],[[0.0,0.0011802963732854773],[0.14268685758089075,1.0]],[[0.05478722898856321,0.06513002336655196],[0.14268685758089075,1.0]],[[0.03314205558034507,0.03407716718790519],[0.14268685758089075,1.0]],[[0.0,0.0011802963732854773],[0.12667798715832568,0.12684259968561296]],[[0.03884545188362226,0.042895200777036645],[0.14268685758089075,1.0]],[[0.07266272496124625,0.07984620451007617],[0.14268685758089075,1.0]],[[0.03314205558034507,0.03407716718790519],[0.12667798715832568,0.12684259968561296]],[[0.14268685758089075,0.1496316053442787],[0.1496316053442787,1.0]],[[0.04938308888583751,0.04977108131820972],[0.14268685758089075,1.0]],[[0.09084674251339937,0.091512701786557],[0.14268685758089075,1.0]],[[0.12667798715832568,0.12684259968561296],[0.0,0.120001994898424]],[[0.12667798715832568,0.12684259968561296],[0.14268685758089075,1.0]],[[0.10584581514679933,0.10835268994946468],[0.12667798715832568,0.12684259968561296]],[[0.1192220297320381,0.120001994898424],[0.12667798715832568,0.12684259968561296]],[[0.091512701786557,0.09210853208715067],[0.12667798715832568,0.12684259968561296]],[[0.16854122835623164,1.0],[0.0,1.0]],[[0.0031718289974970457,0.029598148808030123],[0.14268685758089075,1.0]],[[0.11341232765900248,0.1143548475894181],[0.14268685758089075,1.0]],[[0.04376892367825631,0.04542526297075116],[0.14268685758089075,1.0]],[[0.051337671552256596,0.05478722898856321],[0.14268685758089075,1.0]],[[0.12684259968561296,0.12684259968561298],[0.14268685758089075,1.0]],[[0.11085956475213002,0.11341232765900248],[0.14268685758089075,1.0]],[[0.048897358416990055,0.04938308888583751],[0.12667798715832568,0.12684259968561296]],[[0.10835268994946468,0.110303937249265],[0.14268685758089075,1.0]],[[0.13267852395081264,0.13447366944140204],[0.14268685758089075,1.0]],[[0.10147318772184553,0.10584581514679933],[0.12667798715832568,0.12684259968561296]],[[0.1192220297320381,0.120001994898424],[0.14268685758089075,1.0]],[[0.10584581514679933,0.10835268994946468],[0.14268685758089075,1.0]],[[0.04542526297075116,0.04638282048959403],[0.12667798715832568,0.12684259968561296]],[[0.12172890453470345,0.12667798715832568],[0.14268685758089075,1.0]],[[0.04977108131820972,0.050658348823573916],[0.12667798715832568,0.12684259968561296]],[[0.110303937249265,0.11085956475213002],[0.12667798715832568,0.12684259968561296]],[[0.04753830365889769,