{"variables":["x","y","z"],"parameters":["deg_x","deg_y"],"thresholds":[[0.0,2.0108043217286915,2.917166866746699,3.6854741896758707,5.5642256902761105,6.290516206482593,7.082833133253302,8.04921968787515,9.345738295318128,11.320528211284515,15.0],[0.0,2.0108043217286915,2.917166866746699,3.6854741896758707,5.5642256902761105,6.290516206482593,7.082833133253302,8.04921968787515,9.345738295318128,11.320528211284515,15.0],[0.0,2.0108043217286915,2.917166866746699,3.6854741896758707,5.5642256902761105,6.290516206482593,7.082833133253302,8.04921968787515,9.345738295318128,11.320528211284515,15.0]],"states":[{"id":0,"bounds":[[0.0,2.0108043217286915],[0.0,2.0108043217286915],[0.0,2.0108043217286915]]}],"type":"rectangular","parameter_values":[[[[0.11494515006703328,0.11618580792672857],[0.147114939251624,0.14955488825535615]],[[0.1215856557220609,0.12188520290063118],[0.13345980511138764,0.13458022382694868]],[[0.13282501939967223,0.1381748850197319],[0.09506326941034438,0.11618580792672857]],[[0.147114939251624,0.14955488825535615],[0.10472870021321039,0.11618580792672857]],[[0.13121345228155953,0.13282501939967223],[0.06552715072523738,0.1215856557220609]],[[0.02006081569207495,0.021034927468661303],[0.02006081569207495,0.08420183675280989]],[[0.028788593896774944,0.029048833559497732],[0.06344378795323527,0.06936722969893332]],[[0.10765549640081279,0.10928365759415846],[0.043414706141262784,0.14955488825535615]],[[0.1215856557220609,0.12499597904255447],[0.10876938221543488,0.12815906644560013]],[[0.10472870021321039,0.11618580792672857],[0.10876938221543488,0.1381748850197319]],[[0.021637520989664257,0.028788593896774944],[0.06344378795323527,0.06936722969893332]],[[0.13345980511138764,0.13458022382694868],[0.10876938221543488,0.12688639438784843]],[[0.021034927468661303,0.021637520989664257],[0.02006081569207495,0.08420183675280989]],[[0.06713298889614346,0.08420183675280989],[0.02006081569207495,0.13282501939967223]],[[0.028788593896774944,0.041764945175619766],[0.02006081569207495,0.09112476569647388]],[[0.11618580792672857,0.1215856557220609],[0.10876938221543488,0.13458022382694868]],[[0.11255244591615653,0.11829054170784796],[0.10876938221543488,0.12628928270651166]],[[0.09204434163145085,0.09506326941034438],[0.043414706141262784,0.13282501939967223]],[[0.10928365759415846,0.11494515006703328],[0.14564517635894045,0.14955488825535615]],[[0.028788593896774944,0.041764945175619766],[0.05083193745218683,0.051114930751972695]],[[0.021637520989664257,0.028788593896774944],[0.05083193745218683,0.051114930751972695]],[[0.1381748850197319,0.1402953107388808],[0.09506326941034438,0.11494515006703328]],[[0.10199400392793799,0.10928365759415846],[0.10876938221543488,0.14509958759896974]],[[0.041764945175619766,0.043414706141262784],[0.02006081569207495,0.10199400392793799]],[[0.09204434163145085,0.1040171334610966],[0.06344378795323527,0.08420183675280989]],[[0.1279091779436999,0.13121345228155953],[0.06552715072523738,0.1215856557220609]],[[0.10472870021321039,0.10765549640081279],[0.041764945175619766,0.14955488825535615]],[[0.12499597904255447,0.1279091779436999],[0.06552715072523738,0.12815906644560013]],[[0.1402953107388808,0.14205051516615722],[0.10632528366851594,0.11494515006703328]],[[0.02006081569207495,0.021034927468661303],[0.05083193745218683,0.051114930751972695]],[[0.12056635200699295,0.12499597904255447],[0.10876938221543488,0.12688639438784843]],[[0.021034927468661303,0.021637520989664257],[0.05083193745218683,0.051114930751972695]],[[0.043414706141262784,0.0613582270333122],[0.02006081569207495,0.09112476569647388]],[[0.14509958759896974,0.14955488825535615],[0.09695721402917117,0.10472870021321039]],[[0.043414706141262784,0.0613582270333122],[0.02006081569207495,0.11842256831901526]],[[0.14564517635894045,0.147114939251624],[0.10472870021321039,0.11494515006703328]],[[0.13282501939967223,0.13458022382694868],[0.09695721402917117,0.1215856557220609]],[[0.1381748850197319,0.14509958759896974],[0.09695721402917117,0.10632528366851594]],[[0.021034927468661303,0.021637520989664257],[0.06344378795323527,0.06936722969893332]],[[0.12005046320684648,0.12688639438784843],[0.10876938221543488,0.12628928270651166]],[[0.09695721402917117,0.10472870021321039],[0.14509958759896974,0.14955488825535615]],[[0.028788593896774944,0.041764945175619766],[0.02006081569207495,0.10199400392793799]],[[0.1279091779436999,0.12815906644560013],[0.08832165564983432,0.12815906644560013]],[[0.12184730039960338,0.12688639438784843],[0.13345980511138764,0.1381748850197319]],[[0.10199400392793799,0.10472870021321039],[0.041764945175619766,0.10876938221543488]],[[0.041764945175619766,0.043414706141262784],[0.02006081569207495,0.10765549640081279]],[[0.06552715072523738,0.06713298889614346],[0.02006081569207495,0.13282501939967223]],[[0.12188520290063118,0.13121345228155953],[0.11163700674005761,0.12005046320684648]],[[0.11842256831901526,0.12499597904255447],[0.06298372293926482,0.10876938221543488]],[[0.09581331859371017,0.09695721402917117],[0.07674463520875763,0.12056635200699295]],[[0.09506326941034438,0.09695721402917117],[0.10876938221543488,0.1402953107388808]],[[0.041764945175619766,0.043414706141262784],[0.05083193745218683,0.051114930751972695]],[[0.0613582270333122,0.06298372293926482],[0.02006081569207495,0.09112476569647388]],[[0.14564517635894045,0.14955488825535615],[0.10632528366851594,0.11037977399071916]],[[0.10928365759415846,0.11494515006703328],[0.10876938221543488,0.14205051516615722]],[[0.06298372293926482,0.06552715072523738],[0.02006081569207495,0.12499597904255447]],[[0.14205051516615722,0.14564517635894045],[0.10472870021321039,0.10632528366851594]],[[0.1402953107388808,0.14955488825535615],[0.10632528366851594,0.10928365759415846]],[[0.1096105926305731,0.1215856557220609],[0.07674463520875763,0.10876938221543488]],[[0.041764945175619766,0.043414706141262784],[0.02006081569207495,0.09112476569647388]],[[0.10928365759415846,0.11842256831901526],[0.043414706141262784,0.10876938221543488]],[[0.021637520989664257,0.028788593896774944],[0.02006081569207495,0.08420183675280989]],[[0.06713298889614346,0.09204434163145085],[0.028788593896774944,0.13282501939967223]],[[0.13458022382694868,0.1381748850197319],[0.12184730039960338,0.12688639438784843]],[[0.0613582270333122,0.06298372293926482],[0.02006081569207495,0.11842256831901526]],[[0.09695721402917117,0.10472870021321039],[0.08832165564983432,0.1381748850197319]],[[0.09112476569647388,0.09695721402917117],[0.028788593896774944,0.10876938221543488]],[[0.12499597904255447,0.12799852480803878],[0.06552715072523738,0.10876938221543488]],[[0.11842256831901526,0.12188520290063118],[0.10876938221543488,0.12056635200699295]],[[0.09695721402917117,0.10199400392793799],[0.028788593896774944,0.14509958759896974]]],[[[0.1454175809942919,0.14564517635894045],[0.1690760764742322,1.0]],[[0.09695721402917117,0.10151143527865802],[0.14955488825535615,1.0]],[[0.14955488825535615,0.15153116804942696],[0.0,0.1096105926305731]],[[0.041764945175619766,0.043414706141262784],[0.14955488825535615,1.0]],[[0.0035374799093540314,0.015734188802873764],[0.14955488825535615,1.0]],[[0.14955488825535615,0.15153116804942696],[0.1690760764742322,1.0]],[[0.0613582270333122,0.06298372293926482],[0.14955488825535615,1.0]],[[0.11829054170784796,0.11842256831901526],[0.14955488825535615,1.0]],[[0.12688639438784843,0.1279091779436999],[0.14955488825535615,1.0]],[[0.015734188802873764,0.016085731848444196],[0.14955488825535615,1.0]],[[0.12188520290063118,0.12499597904255447],[0.14955488825535615,1.0]],[[0.06298372293926482,0.06552715072523738],[0.14955488825535615,1.0]],[[0.13121345228155953,0.13231156775907651],[0.1579660941525566,1.0]],[[0.1402953107388808,0.1406603164721707],[0.1579660941525566,0.15994237394662741]],[[0.11494515006703328,0.11618580792672857],[0.15153116804942696,1.0]],[[0.1096105926305731,0.11037977399071916],[0.15153116804942696,1.0]],[[0.025018937574365095,0.027544071004093812],[0.14955488825535615,1.0]],[[0.0,